{
  "hermite_cubic": {
    "xi": [
      0,
      1
    ],
    "yi": [
      [
        0,
        1
      ],
      [
        1,
        -1
      ]
    ],
    "test_points": [
      0.0,
      0.1,
      0.2,
      0.30000000000000004,
      0.4,
      0.5,
      0.6000000000000001,
      0.7000000000000001,
      0.8,
      0.9,
      1.0
    ],
    "values": [
      0.0,
      0.11800000000000002,
      0.26400000000000007,
      0.42600000000000005,
      0.5920000000000001,
      0.75,
      0.8880000000000001,
      0.994,
      1.056,
      1.062,
      1.0
    ],
    "derivatives": [
      1.0,
      1.34,
      1.5600000000000003,
      1.66,
      1.64,
      1.5,
      1.2399999999999998,
      0.8599999999999997,
      0.3599999999999999,
      -0.2599999999999999,
      -0.9999999999999998
    ],
    "coefficients": [
      [
        0.0
      ],
      [
        0.3333333333333333
      ],
      [
        1.3333333333333333
      ],
      [
        1.0
      ]
    ]
  },
  "hermite_quintic": {
    "xi": [
      0,
      1
    ],
    "yi": [
      [
        0,
        1,
        0
      ],
      [
        1,
        -1,
        0
      ]
    ],
    "test_points": [
      0.0,
      0.1,
      0.2,
      0.30000000000000004,
      0.4,
      0.5,
      0.6000000000000001,
      0.7000000000000001,
      0.8,
      0.9,
      1.0
    ],
    "values": [
      0.0,
      0.10666000000000002,
      0.2435200000000001,
      0.4171800000000001,
      0.6150400000000001,
      0.8125,
      0.98016,
      1.0910199999999999,
      1.1276800000000002,
      1.0895400000000002,
      1.0
    ],
    "derivatives": [
      1.0,
      1.1870000000000003,
      1.5600000000000005,
      1.8909999999999998,
      2.024,
      1.8749999999999996,
      1.431999999999999,
      0.7549999999999992,
      -0.0240000000000003,
      -0.7010000000000001,
      -0.9999999999999998
    ],
    "second_derivatives": [
      0.0,
      3.2399999999999993,
      3.8399999999999994,
      2.519999999999998,
      -8.881784197001252e-16,
      -3.0,
      -5.760000000000002,
      -7.5600000000000005,
      -7.679999999999999,
      -5.399999999999998,
      0.0
    ],
    "coefficients": [
      [
        0.0
      ],
      [
        0.2
      ],
      [
        0.4
      ],
      [
        1.4
      ],
      [
        1.2
      ],
      [
        1.0
      ]
    ]
  },
  "multi_interval": {
    "xi": [
      0,
      1,
      2
    ],
    "yi": [
      [
        0,
        1
      ],
      [
        1,
        0
      ],
      [
        0,
        -1
      ]
    ],
    "test_points": [
      0.0,
      0.1,
      0.2,
      0.30000000000000004,
      0.4,
      0.5,
      0.6000000000000001,
      0.7000000000000001,
      0.8,
      0.9,
      1.0,
      1.1,
      1.2000000000000002,
      1.3,
      1.4000000000000001,
      1.5,
      1.6,
      1.7000000000000002,
      1.8,
      1.9000000000000001,
      2.0
    ],
    "values": [
      0.0,
      0.10900000000000001,
      0.23200000000000007,
      0.36300000000000004,
      0.49599999999999994,
      0.625,
      0.7440000000000001,
      0.847,
      0.928,
      0.9810000000000001,
      1.0,
      0.981,
      0.9279999999999999,
      0.847,
      0.7439999999999999,
      0.625,
      0.4959999999999999,
      0.36299999999999977,
      0.23199999999999993,
      0.10899999999999985,
      0.0
    ],
    "coefficients": [
      [
        0.0,
        1.0
      ],
      [
        0.3333333333333333,
        1.0
      ],
      [
        1.0,
        0.3333333333333333
      ],
      [
        1.0,
        0.0
      ]
    ]
  },
  "high_degree": {
    "xi": [
      0,
      1
    ],
    "yi": [
      [
        1,
        2,
        3,
        4
      ],
      [
        5,
        6,
        7,
        8
      ]
    ],
    "test_points": [
      0.0,
      0.1,
      0.2,
      0.30000000000000004,
      0.4,
      0.5,
      0.6000000000000001,
      0.7000000000000001,
      0.8,
      0.9,
      1.0
    ],
    "values": [
      1.0,
      1.2163064000000003,
      1.472797866666668,
      1.7794707999999997,
      2.1382016,
      2.541666666666666,
      2.9778303999999998,
      3.4369772,
      3.9182634666666676,
      4.432765600000001,
      5.0
    ],
    "coefficients": [
      [
        1.0
      ],
      [
        1.2857142857142856
      ],
      [
        1.6428571428571426
      ],
      [
        2.09047619047619
      ],
      [
        2.890476190476189
      ],
      [
        3.4523809523809526
      ],
      [
        4.142857142857143
      ],
      [
        5.0
      ]
    ]
  }
}