{
  "description": "SciPy from_derivatives reference data for C++ comparison",
  "cases": [
    {
      "name": "linear_2pt",
      "xi": [
        0,
        1
      ],
      "yi": [
        [
          0
        ],
        [
          1
        ]
      ],
      "eval_points": [
        0.0,
        0.1,
        0.2,
        0.30000000000000004,
        0.4,
        0.5,
        0.6000000000000001,
        0.7000000000000001,
        0.8,
        0.9,
        1.0
      ],
      "scipy_results": [
        0.0,
        0.1,
        0.2,
        0.30000000000000004,
        0.4,
        0.5,
        0.6000000000000001,
        0.7000000000000001,
        0.8,
        0.9,
        1.0
      ],
      "scipy_derivative": [
        1.0,
        1.0,
        1.0,
        1.0,
        1.0,
        1.0,
        1.0,
        1.0,
        1.0,
        1.0,
        1.0
      ],
      "scipy_coefficients": [
        [
          0.0
        ],
        [
          1.0
        ]
      ],
      "degree": 1,
      "success": true
    },
    {
      "name": "hermite_cubic",
      "xi": [
        0,
        1
      ],
      "yi": [
        [
          0,
          1
        ],
        [
          1,
          -1
        ]
      ],
      "eval_points": [
        0.0,
        0.1,
        0.2,
        0.30000000000000004,
        0.4,
        0.5,
        0.6000000000000001,
        0.7000000000000001,
        0.8,
        0.9,
        1.0
      ],
      "scipy_results": [
        0.0,
        0.11800000000000002,
        0.26400000000000007,
        0.42600000000000005,
        0.5920000000000001,
        0.75,
        0.8880000000000001,
        0.994,
        1.056,
        1.062,
        1.0
      ],
      "scipy_derivative": [
        1.0,
        1.34,
        1.5600000000000003,
        1.66,
        1.64,
        1.5,
        1.2399999999999998,
        0.8599999999999997,
        0.3599999999999999,
        -0.2599999999999999,
        -0.9999999999999998
      ],
      "scipy_coefficients": [
        [
          0.0
        ],
        [
          0.3333333333333333
        ],
        [
          1.3333333333333333
        ],
        [
          1.0
        ]
      ],
      "degree": 3,
      "success": true
    },
    {
      "name": "hermite_quintic",
      "xi": [
        0,
        1
      ],
      "yi": [
        [
          0,
          1,
          0
        ],
        [
          1,
          -1,
          0
        ]
      ],
      "eval_points": [
        0.0,
        0.1,
        0.2,
        0.30000000000000004,
        0.4,
        0.5,
        0.6000000000000001,
        0.7000000000000001,
        0.8,
        0.9,
        1.0
      ],
      "scipy_results": [
        0.0,
        0.10666000000000002,
        0.2435200000000001,
        0.4171800000000001,
        0.6150400000000001,
        0.8125,
        0.98016,
        1.0910199999999999,
        1.1276800000000002,
        1.0895400000000002,
        1.0
      ],
      "scipy_derivative": [
        1.0,
        1.1870000000000003,
        1.5600000000000005,
        1.8909999999999998,
        2.024,
        1.8749999999999996,
        1.431999999999999,
        0.7549999999999992,
        -0.0240000000000003,
        -0.7010000000000001,
        -0.9999999999999998
      ],
      "scipy_coefficients": [
        [
          0.0
        ],
        [
          0.2
        ],
        [
          0.4
        ],
        [
          1.4
        ],
        [
          1.2
        ],
        [
          1.0
        ]
      ],
      "degree": 5,
      "success": true
    },
    {
      "name": "asymmetric_1_2",
      "xi": [
        0,
        1
      ],
      "yi": [
        [
          0
        ],
        [
          1,
          0
        ]
      ],
      "eval_points": [
        0.0,
        0.1,
        0.2,
        0.30000000000000004,
        0.4,
        0.5,
        0.6000000000000001,
        0.7000000000000001,
        0.8,
        0.9,
        1.0
      ],
      "scipy_results": [
        0.0,
        0.19000000000000003,
        0.3600000000000001,
        0.51,
        0.64,
        0.75,
        0.8400000000000001,
        0.91,
        0.9600000000000001,
        0.99,
        1.0
      ],
      "scipy_derivative": [
        2.0,
        1.8,
        1.6,
        1.4,
        1.2,
        1.0,
        0.7999999999999998,
        0.5999999999999999,
        0.3999999999999999,
        0.19999999999999996,
        0.0
      ],
      "scipy_coefficients": [
        [
          0.0
        ],
        [
          1.0
        ],
        [
          1.0
        ]
      ],
      "degree": 2,
      "success": true
    },
    {
      "name": "asymmetric_2_1",
      "xi": [
        0,
        1
      ],
      "yi": [
        [
          0,
          1
        ],
        [
          1
        ]
      ],
      "eval_points": [
        0.0,
        0.1,
        0.2,
        0.30000000000000004,
        0.4,
        0.5,
        0.6000000000000001,
        0.7000000000000001,
        0.8,
        0.9,
        1.0
      ],
      "scipy_results": [
        0.0,
        0.1,
        0.20000000000000004,
        0.30000000000000004,
        0.4,
        0.5,
        0.6000000000000001,
        0.7000000000000001,
        0.8,
        0.9,
        1.0
      ],
      "scipy_derivative": [
        1.0,
        1.0,
        1.0,
        1.0,
        1.0,
        1.0,
        1.0,
        1.0,
        1.0,
        1.0,
        1.0
      ],
      "scipy_coefficients": [
        [
          0.0
        ],
        [
          0.5
        ],
        [
          1.0
        ]
      ],
      "degree": 2,
      "success": true
    },
    {
      "name": "asymmetric_3_1",
      "xi": [
        0,
        1
      ],
      "yi": [
        [
          0,
          1,
          2
        ],
        [
          1
        ]
      ],
      "eval_points": [
        0.0,
        0.1,
        0.2,
        0.30000000000000004,
        0.4,
        0.5,
        0.6000000000000001,
        0.7000000000000001,
        0.8,
        0.9,
        1.0
      ],
      "scipy_results": [
        0.0,
        0.10900000000000001,
        0.23200000000000007,
        0.36300000000000004,
        0.49599999999999994,
        0.625,
        0.7440000000000001,
        0.847,
        0.928,
        0.9810000000000001,
        1.0
      ],
      "scipy_derivative": [
        1.0,
        1.1700000000000002,
        1.2800000000000002,
        1.33,
        1.3199999999999998,
        1.25,
        1.1199999999999999,
        0.9299999999999998,
        0.6799999999999999,
        0.36999999999999994,
        0.0
      ],
      "scipy_coefficients": [
        [
          0.0
        ],
        [
          0.3333333333333333
        ],
        [
          1.0
        ],
        [
          1.0
        ]
      ],
      "degree": 3,
      "success": true
    },
    {
      "name": "asymmetric_1_3",
      "xi": [
        0,
        1
      ],
      "yi": [
        [
          0
        ],
        [
          1,
          -1,
          0
        ]
      ],
      "eval_points": [
        0.0,
        0.1,
        0.2,
        0.30000000000000004,
        0.4,
        0.5,
        0.6000000000000001,
        0.7000000000000001,
        0.8,
        0.9,
        1.0
      ],
      "scipy_results": [
        0.0,
        0.44200000000000006,
        0.7760000000000001,
        1.014,
        1.1680000000000001,
        1.25,
        1.2719999999999998,
        1.246,
        1.184,
        1.098,
        1.0
      ],
      "scipy_derivative": [
        5.0,
        3.86,
        2.8400000000000003,
        1.9399999999999997,
        1.16,
        0.5000000000000002,
        -0.04000000000000026,
        -0.4600000000000001,
        -0.7599999999999998,
        -0.9399999999999997,
        -0.9999999999999998
      ],