{
  "constant": {
    "nodes": [
      1.0,
      0.8535533905932737,
      0.5,
      0.14644660940672627,
      0.0
    ],
    "values": [
      5.0,
      5.0,
      5.0,
      5.0,
      5.0
    ],
    "breakpoints": [
      0.0,
      1.0
    ],
    "eval_points": [
      0.0,
      0.25,
      0.5,
      0.75,
      1.0
    ],
    "expected_values": [
      5.0,
      5.0,
      5.0,
      5.0,
      5.0
    ]
  },
  "linear": {
    "nodes": [
      1.0,
      0.8535533905932737,
      0.5,
      0.14644660940672627,
      0.0
    ],
    "values": [
      1.0,
      0.8535533905932737,
      0.5,
      0.14644660940672627,
      0.0
    ],
    "breakpoints": [
      0.0,
      1.0
    ],
    "eval_points": [
      0.0,
      0.25,
      0.5,
      0.75,
      1.0
    ],
    "expected_values": [
      0.0,
      0.25,
      0.5,
      0.7499999999999999,
      1.0
    ]
  },
  "quadratic": {
    "nodes": [
      1.0,
      0.8535533905932737,
      0.5,
      0.14644660940672627,
      0.0
    ],
    "values": [
      1.0,
      0.7285533905932737,
      0.25,
      0.02144660940672625,
      0.0
    ],
    "breakpoints": [
      0.0,
      1.0
    ],
    "eval_points": [
      0.0,
      0.25,
      0.5,
      0.75,
      1.0
    ],
    "expected_values": [
      0.0,
      0.06249999999999998,
      0.25,
      0.5625,
      1.0
    ]
  },
  "test_52_x3_minus_x": {
    "nodes": [
      2.0,
      1.7071067811865475,
      1.0,
      0.29289321881345254,
      0.0
    ],
    "values": [
      6.0,
      3.2677669529663684,
      0.0,
      -0.2677669529663689,
      0.0
    ],
    "breakpoints": [
      0.0,
      2.0
    ],
    "eval_points": [
      0.0,
      0.5,
      1.0,
      1.5,
      2.0
    ],
    "expected_values": [
      0.0,
      -0.3750000000000001,
      0.0,
      1.8750000000000002,
      6.0
    ]
  },
  "test_50_sin": {
    "nodes": [
      3.141592653589793,
      3.046862043841671,
      2.774096124207829,
      2.356194490192345,
      1.8435622464287384,
      1.2980304071610549,
      0.7853981633974486,
      0.3674965293819641,
      0.0947306097481222,
      0.0
    ],
    "values": [
      1.2246467991473532e-16,
      0.09458898965351455,
      0.3592802470995233,
      0.7071067811865476,
      0.9630294530174716,
      0.9630294530174716,
      0.7071067811865477,
      0.35928024709952316,
      0.09458898965351464,
      0.0
    ],
    "breakpoints": [
      0.0,
      3.141592653589793
    ],
    "eval_points": [
      0.5,
      1.0,
      2.0
    ],
    "expected_values": [
      0.4794254780660529,
      0.8414710698756213,
      0.9092974982880621
    ]
  },
  "test_51_runge": {
    "nodes": [
      1.0,
      0.9749279121818236,
      0.9009688679024191,
      0.7818314824680298,
      0.6234898018587336,
      0.4338837391175582,
      0.22252093395631445,
      6.123233995736766e-17,
      -0.22252093395631434,
      -0.43388373911755806,
      -0.6234898018587335,
      -0.7818314824680295,
      -0.900968867902419,
      -0.9749279121818237,
      -1.0
    ],
    "values": [
      0.038461538461538464,
      0.0403842792767911,
      0.0469624179215569,
      0.06141935834920188,
      0.09329673827386972,
      0.1752425254150491,
      0.4468496571668664,
      1.0,
      0.4468496571668666,
      0.17524252541504917,
      0.09329673827386976,
      0.06141935834920194,
      0.04696241792155691,
      0.04038427927679109,
      0.038461538461538464
    ],
    "breakpoints": [
      -1.0,
      1.0
    ],
    "eval_points": [
      0.0,
      0.5
    ],
    "expected_values": [
      1.0000000000000004,
      0.16946550131428192
    ]
  },
  "test_125_127_exp": {
    "nodes": [
      1.0,
      0.9698463103929542,
      0.883022221559489,
      0.75,
      0.5868240888334653,
      0.41317591116653485,
      0.2500000000000001,
      0.11697777844051105,
      0.03015368960704584,
      0.0
    ],
    "values": [
      2.718281828459045,
      2.637539065859967,
      2.4181970009537976,
      2.117000016612675,
      1.7982681967063436,
      1.511610911786002,
      1.2840254166877416,
      1.124094450281299,
      1.0306129162764655,
      1.0
    ],
    "breakpoints": [
      0.0,
      1.0
    ],
    "eval_points": [
      0.0,
      0.5,
      1.0
    ],
    "expected_values": [
      1.0,
      1.6487212707018697,
      2.718281828459045
    ],
    "derivative_at_05": 1.648721270700285
  },
  "test_126_cos": {
    "nodes": [
      1.0,
      0.9698463103929542,
      0.883022221559489,
      0.75,
      0.5868240888334653,
      0.41317591116653485,
      0.2500000000000001,
      0.11697777844051105,
      0.03015368960704584,
      0.0
    ],
    "values": [
      0.5403023058681398,
      0.5654263008446685,
      0.6348188942772804,
      0.7316888688738209,
      0.8327034387137017,
      0.9158502519036901,
      0.9689124217106447,
      0.9931658980511023,
      0.999545411947433,
      1.0
    ],
    "breakpoints": [
      0.0,
      1.0
    ],
    "expected_value_at_05": 0.877582561889455
  },
  "derivative_x3": {
    "nodes": [
      1.0,
      0.9045084971874737,
      0.6545084971874737,
      0.34549150281252633,
      0.09549150281252633,
      0.0
    ],
    "values": [
      1.0,
      0.7400106214843422,
      0.28037924859373686,
      0.04123937851565788,
      0.0008707514062631451,
      0.0
    ],
    "breakpoints": [
      0.0,
      1.0
    ],
    "derivative_eval_points": [
      0.0,
      0.5,
      1.0
    ],
    "derivative_values": [
      3.469446951953614e-17,
      0.75,
      2.9999999999999987
    ]
  },
  "chebyshev_weights_5": {
    "nodes": [
      1.0,
      0.8535533905932737,
      0.5,
      0.14644660940672627,
      0.0
    ],
    "weights": [
      0.5,
      -1.0,
      1.0,
      -1.0,
      0.5
    ]
  },
  "chebyshev_weights_3": {
    "nodes": [
      1.0,
      0.5,
      0.0
    ],
    "weights": [
      0.5,
      -1.0,
      0.5
    ]
  },
  "hermite_cubic": {
    "xi": [
      0.0,
      1.0
    ],
    "yi": [
      [
        0.0,
        1.0
      ],
      [
        1.0,
        -1.0
      ]
    ],
    "test_points": [
      0.0,
      0.25,
      0.5,
      0.75,
      1.0
    ],
    "expected_values": [
      0.0,
      0.34375,
      0.75,
      1.03125,
      1.0
    ],
    "expected_derivatives": [
      1.0,
      1.625,
      1.5,
      0.625,
      -1.0
    ]
  },
  "linear_extrapolation": {
    "nodes": [
      1.0,
      0.5,
      0.0
    ],
    "values": [
      1.0,
      0.5,
      0.0
    ],
    "extrap_points": [
      -0.5,
      1.5
    ],
    "expected_values": [
      -0.5000000000000002,
      1.5
    ]
  }
}